Site,URL,DA,Type,Difficulty,Action
forum.leasehackr.com,https://forum.leasehackr.com/,43,Forum,Easy,Create account - participate in car buying discussions
forum.dealerrefresh.com,https://forum.dealerrefresh.com/,36,Forum,Easy,Join dealer community - share marketplace insights
bogleheads.org,https://www.bogleheads.org/forum/,52,Forum,Easy,Participate in car buying/financial threads
grassrootsmotorsports.com,https://grassrootsmotorsports.com/forum/,50,Forum,Easy,Join enthusiast discussions about car deals
bobistheoilguy.com,https://bobistheoilguy.com/forums/,51,Forum,Easy,Participate in CPO and car buying threads
rokslide.com,https://rokslide.com/forums/,42,Forum,Easy,Join SUV recommendation discussions
community.cartalk.com,https://community.cartalk.com/,51,Forum,Easy,Classic car advice community - high engagement
gm-trucks.com,https://www.gm-trucks.com/forums/,34,Forum,Easy,Post in for-sale/marketplace section
ford-trucks.com,https://www.ford-trucks.com/forums/,46,Forum,Easy,Participate in truck marketplace
forum.pickuptrucktalk.com,https://forum.pickuptrucktalk.com/,34,Forum,Easy,Truck buying discussions
g20.bimmerpost.com,https://g20.bimmerpost.com/forums/,59,Forum,Easy,BMW community - used car discussions
g07.bimmerpost.com,https://g07.bimmerpost.com/forums/,59,Forum,Easy,BMW X7 community
forums.pelicanparts.com,http://forums.pelicanparts.com/,43,Forum,Easy,Porsche community with car sales section
mdxers.org,https://www.mdxers.org/,39,Forum,Easy,Acura MDX owner forum
ridgelineownersclub.com,https://www.ridgelineownersclub.com/,40,Forum,Easy,Honda Ridgeline community
forums.redflagdeals.com,https://forums.redflagdeals.com/,61,Forum,Easy,Deal-focused community with car section
forums.dansdeals.com,https://forums.dansdeals.com/,42,Forum,Easy,Deal hunting community
ar15.com,https://ar15.com/forums/,45,Forum,Easy,General forum with active car buying threads
community.caredge.com,https://community.caredge.com/,50,Forum,Easy,Car buying advice community
thetruckersreport.com,https://www.thetruckersreport.com/,47,Forum,Easy,Truck buying discussions
subaruxvforum.com,https://www.subaruxvforum.com/,35,Forum,Easy,Subaru owner community
blog.autotempest.com,https://blog.autotempest.com/,58,Blog,Medium,Pitch guest post about car searching tips
carpro.com,https://www.carpro.com/blog/,48,Blog,Medium,Pitch used car deals content
carshop.com,https://carshop.com/blog/,39,Blog,Medium,Pitch car buying tips article
goautocity.com,https://www.goautocity.com/blog,32,Blog,Easy,Reach out for guest post
hendrickcars.com,https://www.hendrickcars.com/blog/,47,Blog,Medium,Contact for CPO content collaboration
dealeron.com,https://www.dealeron.com/blog/,34,Blog,Medium,Pitch dealer technology content
njstateauto.com,https://www.njstateauto.com/blog/,34,Blog,Easy,Contact for SUV content
orlandopreowned.com,https://www.orlandopreowned.com/blogs/,22,Blog,Easy,Easy guest post opportunity
internationalusedtrucks.com,https://www.internationalusedtrucks.com/blog/,38,Blog,Easy,Pitch truck content
waldorfdodge.com,https://www.waldorfdodge.com/blogs/,32,Blog,Easy,Dealer blog collaboration
carzing.com,https://www.carzing.com/blog/,40,Blog,Medium,Pitch car buying tips
autofanaticsusa.com,https://www.autofanaticsusa.com/blog/,12,Blog,Easy,Very easy guest post
autoblog.com,https://www.autoblog.com/,57,News,Medium,Submit press releases or tips
thedrive.com,https://www.thedrive.com/,56,News,Medium,Pitch newsworthy car buying stories
torquenews.com,https://www.torquenews.com/,42,News,Medium,Pitch SUV/truck comparison content
hotcars.com,https://www.hotcars.com/,51,News,Medium,Submit car content/tips
carscoops.com,https://www.carscoops.com/,55,News,Medium,Pitch auto industry news
insideevs.com,https://insideevs.com/,54,News,Medium,Pitch EV marketplace content
thetruthaboutcars.com,https://www.thetruthaboutcars.com/,51,News,Medium,Pitch car buying content
motor1.com,https://www.motor1.com/,71,News,Hard,High DA - pitch quality content
autonews.com,https://www.autonews.com/,47,Trade,Medium,Pitch dealer/marketplace news
autodealertodaymagazine.com,https://www.autodealertodaymagazine.com/,32,Trade,Medium,Submit for industry coverage
cbtnews.com,https://www.cbtnews.com/,46,Trade,Medium,Pitch dealer technology stories
autoremarketing.com,https://www.autoremarketing.com/,37,Trade,Medium,Pitch used car market insights
news.dealershipguy.com,https://news.dealershipguy.com/,36,Newsletter,Medium,Reach out for feature
caredge.com,https://caredge.com/,50,Resource,Medium,Reach out for partnership/mention
autoguide.com,https://www.autoguide.com/,52,Resource,Medium,Pitch car buying guide content
iseecars.com,https://www.iseecars.com/,53,Resource,Medium,Reach out for inclusion
bestsellingcarsblog.com,https://bestsellingcarsblog.com/,41,Resource,Medium,Pitch sales data content
usedcars.com,https://www.usedcars.com/,40,Marketplace,Easy,List inventory/create dealer profile
carsdirect.com,https://www.carsdirect.com/,56,Marketplace,Medium,Explore dealer partnership
trucks.com,https://trucks.com/,36,Marketplace,Medium,Submit truck listings
hertzcarsales.com,https://www.hertzcarsales.com/,51,Competitor,Hard,Study for backlink sources
automoblog.com,https://www.automoblog.com/,47,Review,Medium,Submit for review/listing
clark.com,https://clark.com/cars/,51,Review,Medium,Pitch for inclusion in car buying guides
consumeraffairs.com,https://www.consumeraffairs.com/automotive/,58,Review,Medium,Get listed/reviewed
yourmechanic.com,https://www.yourmechanic.com/,55,Resource,Medium,Pitch car buying content
moneymanagement.org,https://www.moneymanagement.org/,46,Resource,Medium,Pitch car cost calculator content
popularmechanics.com,https://www.popularmechanics.com/cars/,65,News,Hard,High DA - pitch quality content
engadget.com,https://www.engadget.com/,60,Tech News,Hard,Pitch tech angle on car marketplace
